{
  "train_loss": [
    141.9234327762685,
    33.34098848383477,
    11.255912659016062,
    8.841565969142508,
    7.702917930927683
  ],
  "val_loss": [
    62.12368392944336,
    15.488359769185385,
    10.824090679486593,
    9.244864503542582,
    8.613339821497599
  ],
  "lr_log": [
    2.48e-06,
    3.7600000000000004e-06,
    5.040000000000001e-06,
    6.3200000000000005e-06,
    7.6e-06,
    8.880000000000001e-06,
    1.0160000000000001e-05,
    1.1440000000000002e-05,
    1.2720000000000002e-05,
    1.4e-05,
    1.528e-05,
    1.656e-05,
    1.784e-05,
    1.912e-05,
    2.0399999999999998e-05,
    2.1680000000000002e-05,
    2.296e-05,
    2.4240000000000002e-05,
    2.552e-05,
    2.6799999999999998e-05,
    2.8080000000000002e-05,
    2.936e-05,
    2.992907829787234e-05,
    2.9787234893617023e-05,
    2.9645391489361702e-05,
    2.9503548085106385e-05,
    2.9361704680851064e-05,
    2.9219861276595744e-05,
    2.9078017872340426e-05,
    2.8936174468085106e-05,
    2.879433106382979e-05,
    2.8652487659574468e-05,
    2.851064425531915e-05,
    2.836880085106383e-05,
    2.8226957446808513e-05,
    2.8085114042553192e-05,
    2.7943270638297875e-05,
    2.7801427234042554e-05,
    2.7659583829787237e-05,
    2.7517740425531916e-05,
    2.7375897021276595e-05,
    2.7234053617021278e-05,
    2.7092210212765957e-05,
    2.695036680851064e-05,
    2.680852340425532e-05,
    2.6666680000000002e-05,
    2.652483659574468e-05,
    2.6382993191489364e-05,
    2.6241149787234043e-05,
    2.6099306382978723e-05,
    2.5957462978723405e-05,
    2.5815619574468085e-05,
    2.5673776170212767e-05,
    2.5531932765957447e-05,
    2.539008936170213e-05,
    2.524824595744681e-05,
    2.510640255319149e-05,
    2.496455914893617e-05,
    2.482271574468085e-05,
    2.4680872340425533e-05,
    2.4539028936170212e-05,
    2.4397185531914895e-05,
    2.4255342127659574e-05,
    2.4113498723404257e-05,
    2.3971655319148936e-05,
    2.382981191489362e-05,
    2.3687968510638298e-05,
    2.3546125106382977e-05,
    2.340428170212766e-05,
    2.3262438297872343e-05,
    2.3120594893617022e-05,
    2.29787514893617e-05,
    2.2836908085106384e-05,
    2.2695064680851067e-05,
    2.2553221276595746e-05,
    2.2411377872340426e-05,
    2.2269534468085108e-05,
    2.212769106382979e-05,
    2.198584765957447e-05,
    2.184400425531915e-05,
    2.170216085106383e-05,
    2.156031744680851e-05,
    2.141847404255319e-05,
    2.1276630638297874e-05,
    2.1134787234042553e-05,
    2.0992943829787236e-05,
    2.085110042553192e-05,
    2.0709257021276598e-05,
    2.0567413617021277e-05,
    2.0425570212765956e-05,
    2.028372680851064e-05,
    2.0141883404255322e-05,
    2.000004e-05,
    1.985819659574468e-05,
    1.9716353191489363e-05,
    1.9574509787234046e-05,
    1.9432666382978725e-05,
    1.9290822978723404e-05,
    1.9148979574468084e-05,
    1.900713617021277e-05,
    1.886529276595745e-05,
    1.872344936170213e-05,
    1.8581605957446808e-05,
    1.843976255319149e-05,
    1.8297919148936173e-05,
    1.8156075744680852e-05,
    1.8014232340425532e-05,
    1.7872388936170215e-05,
    1.7730545531914897e-05,
    1.7588702127659577e-05,
    1.7446858723404256e-05,
    1.7305015319148935e-05,
    1.7163171914893618e-05,
    1.70213285106383e-05,
    1.687948510638298e-05,
    1.673764170212766e-05,
    1.6595798297872342e-05,
    1.6453954893617025e-05,
    1.6312111489361704e-05,
    1.6170268085106383e-05,
    1.6028424680851063e-05,
    1.5886581276595745e-05,
    1.5744737872340428e-05,
    1.5602894468085107e-05,
    1.5461051063829787e-05,
    1.531920765957447e-05,
    1.517736425531915e-05,
    1.5035520851063831e-05,
    1.4893677446808514e-05,
    1.4751834042553193e-05,
    1.4609990638297876e-05,
    1.4468147234042555e-05,
    1.4326303829787235e-05,
    1.4184460425531917e-05,
    1.4042617021276597e-05,
    1.390077361702128e-05,
    1.3758930212765959e-05,
    1.3617086808510638e-05,
    1.347524340425532e-05,
    1.33334e-05,
    1.3191556595744683e-05,
    1.3049713191489362e-05,
    1.2907869787234041e-05,
    1.2766026382978724e-05,
    1.2624182978723407e-05,
    1.2482339574468086e-05,
    1.2340496170212769e-05,
    1.2198652765957448e-05,
    1.2056809361702131e-05,
    1.191496595744681e-05,
    1.177312255319149e-05,
    1.1631279148936172e-05,
    1.1489435744680852e-05,
    1.1347592340425534e-05,
    1.1205748936170214e-05,
    1.1063905531914893e-05,
    1.0922062127659576e-05,
    1.0780218723404255e-05,
    1.0638375319148938e-05,
    1.0496531914893617e-05,
    1.03546885106383e-05,
    1.0212845106382982e-05,
    1.0071001702127662e-05,
    9.929158297872344e-06,
    9.787314893617024e-06,
    9.645471489361703e-06,
    9.503628085106386e-06,
    9.361784680851065e-06,
    9.219941276595744e-06,
    9.078097872340427e-06,
    8.936254468085106e-06,
    8.794411063829789e-06,
    8.652567659574468e-06,
    8.510724255319148e-06,
    8.36888085106383e-06,
    8.22703744680851e-06,
    8.085194042553192e-06,
    7.943350638297875e-06,
    7.801507234042554e-06,
    7.659663829787237e-06,
    7.5178204255319165e-06,
    7.375977021276599e-06,
    7.2341336170212785e-06,
    7.092290212765958e-06,
    6.9504468085106405e-06,
    6.80860340425532e-06,
    6.6667600000000026e-06,
    6.524916595744682e-06,
    6.383073191489361e-06,
    6.241229787234044e-06,
    6.099386382978723e-06,
    5.957542978723406e-06,
    5.815699574468085e-06,
    5.673856170212768e-06,
    5.532012765957451e-06,
    5.39016936170213e-06,
    5.248325957446809e-06,
    5.106482553191492e-06,
    4.964639148936171e-06,
    4.822795744680854e-06,
    4.680952340425533e-06,
    4.539108936170213e-06,
    4.397265531914895e-06,
    4.255422127659575e-06,
    4.113578723404257e-06,
    3.971735319148937e-06,
    3.829891914893616e-06,
    3.6880485106382987e-06,
    3.546205106382978e-06,
    3.404361702127664e-06,
    3.2625182978723434e-06,
    3.1206748936170228e-06,
    2.9788314893617055e-06,
    2.8369880851063848e-06,
    2.6951446808510675e-06,
    2.553301276595747e-06,
    2.411457872340426e-06,
    2.269614468085109e-06,
    2.127771063829788e-06,
    1.985927659574471e-06,
    1.8440842553191502e-06,
    1.7022408510638295e-06,
    1.5603974468085122e-06,
    1.4185540425531915e-06,
    1.2767106382978708e-06,
    1.134867234042557e-06,
    9.930238297872362e-07,
    8.511804255319189e-07,
    7.093370212765983e-07,
    5.674936170212776e-07,
    4.256502127659603e-07,
    2.838068085106396e-07,
    1.419634042553223e-07,
    1.2000000000161838e-10,
    -1.4172340425531906e-07
  ]
}